Software: ,GCTS CATS Advanced (WIN-CATS-ADV) [G2],Version: ,3.04,,,,,
Project: ,BMD-MORSHED,,,,,,,
Sample: ,DIC_TRIAL_S3_071626,,,,,,,
Test: ,Dynamic Modulus,,,,,,,
Specimen: ,S33BP_50,,,,,,,
Number: ,001,,,,,,,
Description: ,_,,,,,,,
Container ID: ,_,,,,,,,
Tested By: ,_MORSHED,,,,,,,
Average Diameter: ,150,(mm),,,,,,
Average Height (H): ,62.335,(mm),,,,,,
Axial Gauge Length (GL): ,101.6,(mm),,,,,,
Temperature: ,-10,(deg C),,,,,,
Confining Pressure: ,0,(kPa),,,,,,
AC Binder: ,Other,,,,,,,
,A: ,0,,,,,,
,VTS: ,0,,,,,,
,|Gb*|: ,0,(MPa),,,,,
,Phase Angle: ,0,(deg),,,,,
Starting Date: , 7/20/26,,,,,,,
Starting Time: ,10:06:49,,,,,,,
Pump: ,High Pressure,,,,,,,
Test Results: ,Stopped by User,,,,,,,
,Type: ,Universal,,,,,,
,,Duration: ,22.3,(sec),,,,
,,,,Max,Min,Range,Initial,End
,,Load Cell,(kN),18.095,0.169,17.926,0.169,0.775
,,CMOD2,(mm),0,-0.0005,0.0005,-0.0002,-0.0002
,,Laser A,(mm),0.059,0.059,0,0.059,0.059
,,Laser B,(mm),0.128,0.128,0,0.128,0.128
,,LVDT 4,(mm),-0.3525,-0.3616,0.0091,-0.3585,-0.3595
,,LVDT 5,(mm),0.4123,0.4035,0.0088,0.406,0.4052
,,LVDT 6,(mm),0.042,0.041,0.001,0.0412,0.0415
,,Frame LVDT,(mm),18.521,-0.037,18.558,-0.037,18.521
Data Points (Rows): ,893,,,,,,,
,,,,,,,,
Time,Load Cell,Frame LVDT,Stress,Strain,,,,
sec,kN,mm,kPa,uE,,,,
0.001,0.169,-0.037,21,452.317,,,,
0.025,0.242,-0.032,30,449.439,,,,
0.05,0.713,-0.002,88,447.537,,,,
0.075,0.965,0.014,119,449.211,,,,
0.1,1.472,0.036,182,448.39,,,,
0.125,1.833,0.056,226,448.127,,,,
0.15,2.298,0.077,283,450.224,,,,
0.175,2.667,0.097,329,448.229,,,,
0.2,3.157,0.119,389,450.859,,,,
0.225,3.51,0.139,433,449.926,,,,
0.25,3.965,0.161,489,450.416,,,,
0.275,4.276,0.18,527,451.927,,,,
0.3,4.742,0.202,585,450.905,,,,
0.325,5.049,0.222,623,450.23,,,,
0.35,5.506,0.245,679,452.205,,,,
0.375,5.77,0.263,712,453.508,,,,
0.4,6.25,0.286,771,453.577,,,,
0.425,6.485,0.305,800,452.22,,,,
0.45,6.92,0.327,854,454.138,,,,
0.475,7.167,0.347,884,453.73,,,,
0.5,7.565,0.369,933,454.595,,,,
0.525,7.808,0.388,963,456.207,,,,
0.55,8.218,0.41,1014,456.707,,,,
0.575,8.442,0.431,1041,455.062,,,,
0.6,8.795,0.452,1085,457.081,,,,
0.625,8.989,0.471,1109,458.554,,,,
0.65,9.394,0.495,1159,457.78,,,,
0.675,9.534,0.512,1176,459.397,,,,
0.7,9.934,0.535,1225,458.931,,,,
0.725,10.076,0.554,1243,460.587,,,,
0.75,10.418,0.577,1285,460.357,,,,
0.775,10.581,0.596,1305,461.303,,,,
0.8,10.921,0.618,1347,461.284,,,,
0.825,11.064,0.638,1365,462.271,,,,
0.85,11.377,0.66,1403,462.001,,,,
0.875,11.504,0.679,1419,463.973,,,,
0.9,11.827,0.701,1459,461.653,,,,
0.925,11.945,0.721,1473,463.382,,,,
0.95,12.227,0.743,1508,464.601,,,,
0.975,12.346,0.762,1523,466.228,,,,
1,12.636,0.784,1559,466.325,,,,
1.025,12.719,0.804,1569,464.307,,,,
1.05,12.999,0.825,1603,465.341,,,,
1.075,13.112,0.846,1617,466.56,,,,
1.1,13.318,0.868,1643,466.735,,,,
1.125,13.39,0.887,1652,467.342,,,,
1.15,13.664,0.91,1685,467.696,,,,
1.175,13.698,0.929,1690,466.872,,,,
1.2,13.95,0.951,1721,468.797,,,,
1.225,13.995,0.97,1726,469.056,,,,
1.25,14.274,0.993,1761,467.747,,,,
1.275,14.295,1.011,1763,469.022,,,,
1.3,14.563,1.035,1796,470.3,,,,
1.325,14.578,1.053,1798,468.174,,,,
1.35,14.835,1.077,1830,469.466,,,,
1.375,14.837,1.095,1830,470.934,,,,
1.4,15.083,1.117,1860,468.719,,,,
1.425,15.102,1.137,1863,471.128,,,,
1.45,15.334,1.159,1891,470.1,,,,
1.475,15.347,1.178,1893,470.611,,,,
1.5,15.555,1.2,1919,469.838,,,,
1.525,15.585,1.219,1922,471.29,,,,
1.55,15.779,1.242,1946,471.93,,,,
1.575,15.798,1.262,1949,471.131,,,,
1.6,15.985,1.285,1972,469.342,,,,
1.625,15.984,1.303,1972,470.965,,,,
1.65,16.167,1.326,1994,471.066,,,,
1.675,16.174,1.344,1995,471.042,,,,
1.7,16.364,1.367,2018,469.968,,,,
1.725,16.374,1.386,2020,468.655,,,,
1.75,16.535,1.409,2039,469.952,,,,
1.775,16.539,1.428,2040,469.645,,,,
1.8,16.701,1.45,2060,469.828,,,,
1.825,16.688,1.47,2058,468.614,,,,
1.85,16.838,1.492,2077,468.247,,,,
1.875,16.839,1.512,2077,469.693,,,,
1.9,16.977,1.534,2094,467.449,,,,
1.925,16.954,1.553,2091,467.461,,,,
1.95,17.107,1.576,2110,465.902,,,,
1.975,17.072,1.595,2106,466.227,,,,
2,17.206,1.617,2122,465.165,,,,
2.025,17.185,1.636,2120,466.223,,,,
2.05,17.346,1.659,2140,466.197,,,,
2.075,17.287,1.678,2132,464.837,,,,
2.1,17.421,1.7,2149,464.693,,,,
2.125,17.393,1.72,2145,463.834,,,,
2.15,17.518,1.742,2161,462.481,,,,
2.175,17.493,1.761,2158,463.089,,,,
2.2,17.628,1.785,2174,462.39,,,,
2.225,17.558,1.802,2166,463.762,,,,
2.25,17.719,1.826,2186,460.32,,,,
2.275,17.633,1.845,2175,460.92,,,,
2.3,17.758,1.866,2190,459.583,,,,
2.325,17.744,1.887,2189,460.038,,,,
2.35,17.819,1.908,2198,457.333,,,,
2.375,17.794,1.928,2195,459.36,,,,
2.4,17.911,1.95,2209,458.397,,,,
2.425,17.829,1.97,2199,455.666,,,,
2.45,17.939,1.992,2213,456.776,,,,
2.475,17.864,2.012,2203,457.634,,,,
2.5,17.97,2.034,2216,455.998,,,,
2.525,17.898,2.054,2208,454.621,,,,
2.55,18.003,2.076,2221,455.602,,,,
2.575,17.933,2.094,2212,453.792,,,,
2.6,18.029,2.117,2224,454.104,,,,
2.625,17.927,2.136,2211,453.083,,,,
2.65,18.056,2.158,2227,453.396,,,,
2.675,18,2.179,2220,450.528,,,,
2.7,18.059,2.2,2228,451.766,,,,
2.725,17.986,2.219,2218,451.544,,,,
2.75,18.095,2.243,2232,449.404,,,,
2.775,17.998,2.261,2220,452.446,,,,
2.8,18.072,2.284,2229,450.018,,,,
2.825,18.009,2.303,2221,450.832,,,,
2.85,18.078,2.326,2230,448.725,,,,
2.875,17.981,2.344,2218,449.695,,,,
2.9,18.084,2.367,2231,449.825,,,,
2.925,17.984,2.386,2218,448.52,,,,
2.95,18.065,2.409,2228,448.487,,,,
2.975,17.988,2.428,2219,448.371,,,,
3,18.057,2.45,2227,447.842,,,,
3.025,17.968,2.469,2216,448.787,,,,
3.05,18.052,2.492,2227,448.346,,,,
3.075,17.938,2.511,2213,449.528,,,,
3.1,18.03,2.534,2224,448.342,,,,
3.125,17.899,2.553,2208,448.474,,,,
3.15,17.975,2.575,2217,448.715,,,,
3.175,17.872,2.594,2204,449.646,,,,
3.2,17.949,2.618,2214,446.959,,,,
3.225,17.821,2.637,2198,448.621,,,,
3.25,17.896,2.659,2207,447.43,,,,
3.275,17.775,2.678,2192,447.679,,,,
3.299,17.826,2.701,2199,448.362,,,,
3.324,17.726,2.72,2186,448.79,,,,
3.349,17.826,2.743,2199,446.311,,,,
3.374,17.676,2.762,2180,450.951,,,,
3.399,17.72,2.784,2186,448.124,,,,
3.424,17.641,2.804,2176,450.161,,,,
3.449,17.697,2.825,2183,449.577,,,,
3.474,17.605,2.845,2171,448.966,,,,
3.499,17.645,2.867,2176,450.107,,,,
3.524,17.542,2.887,2164,452.169,,,,
3.549,17.561,2.908,2166,452.746,,,,
3.574,17.481,2.929,2156,452.583,,,,
3.599,17.518,2.95,2161,452.124,,,,
3.624,17.405,2.97,2147,454.576,,,,
3.649,17.449,2.992,2152,452.823,,,,
3.674,17.368,3.012,2142,454.09,,,,
3.699,17.406,3.034,2147,454.417,,,,
3.724,17.301,3.053,2134,455.007,,,,
3.749,17.35,3.075,2140,453.933,,,,
3.774,17.279,3.096,2131,455.416,,,,
3.799,17.274,3.117,2131,455.849,,,,
3.824,17.205,3.136,2122,457.251,,,,
3.849,17.257,3.159,2129,457.854,,,,
3.874,17.153,3.178,2116,456.797,,,,
3.899,17.193,3.201,2121,458.646,,,,
3.924,17.08,3.22,2107,458.467,,,,
3.949,17.118,3.242,2111,460.38,,,,
3.974,17.029,3.262,2100,460.499,,,,
3.999,17.09,3.284,2108,459.568,,,,
4.024,16.955,3.304,2091,461.848,,,,
4.049,17,3.326,2097,461.789,,,,
4.074,16.905,3.345,2085,462.547,,,,
4.099,16.948,3.367,2090,463.399,,,,
4.124,16.846,3.387,2078,462.667,,,,
4.149,16.869,3.409,2081,462.926,,,,
4.174,16.754,3.428,2066,464.738,,,,
4.199,16.817,3.451,2074,464.13,,,,
4.224,16.695,3.469,2059,465.994,,,,
4.249,16.731,3.493,2064,464.837,,,,
4.274,16.604,3.512,2048,466.364,,,,
4.299,16.651,3.534,2054,465.195,,,,
4.324,16.538,3.553,2040,466.968,,,,
4.349,16.601,3.577,2048,465.136,,,,
4.374,16.451,3.595,2029,466.836,,,,
4.399,16.511,3.617,2037,468.044,,,,
4.424,16.381,3.637,2021,467.368,,,,
4.449,16.439,3.659,2028,468.725,,,,
4.474,16.331,3.679,2014,468.809,,,,
4.499,16.356,3.701,2017,468.974,,,,
4.524,16.233,3.72,2002,469.341,,,,
4.549,16.288,3.743,2009,468.763,,,,
4.574,16.156,3.762,1993,469.435,,,,
4.599,16.196,3.784,1998,468.889,,,,
4.624,16.089,3.804,1985,470.139,,,,
4.649,16.12,3.826,1988,470.651,,,,
4.674,15.997,3.845,1973,471.134,,,,
4.699,16.027,3.868,1977,469.725,,,,
4.724,15.92,3.887,1964,470.549,,,,
4.749,15.947,3.91,1967,469.752,,,,
4.774,15.816,3.928,1951,471.029,,,,
4.799,15.847,3.952,1955,469.637,,,,
4.824,15.705,3.969,1937,469.797,,,,
4.849,15.752,3.994,1943,471.098,,,,
4.874,15.601,4.011,1924,469.684,,,,
4.899,15.675,4.035,1933,470.966,,,,
4.924,15.509,4.053,1913,470.098,,,,
4.949,15.544,4.076,1917,469.168,,,,
4.974,15.438,4.095,1904,469.109,,,,
4.999,15.463,4.118,1907,469.797,,,,
5.024,15.317,4.137,1889,470.64,,,,
5.049,15.372,4.16,1896,470.131,,,,
5.074,15.259,4.179,1882,468.737,,,,
5.099,15.282,4.201,1885,468.082,,,,
5.124,15.164,4.221,1870,469.304,,,,
5.149,15.162,4.243,1870,467.214,,,,
5.174,15.03,4.262,1854,467.699,,,,
5.199,15.073,4.285,1859,466.146,,,,
5.224,14.947,4.303,1844,467.151,,,,
5.249,14.954,4.327,1844,466.596,,,,
5.274,14.839,4.345,1830,464.215,,,,
5.299,14.867,4.368,1834,465.117,,,,
5.324,14.735,4.387,1818,463.48,,,,
5.349,14.77,4.41,1822,463.983,,,,
5.374,14.627,4.429,1804,463.173,,,,
5.399,14.665,4.451,1809,461.049,,,,
5.424,14.537,4.471,1793,463.861,,,,
5.449,14.553,4.493,1795,462.592,,,,
5.474,14.429,4.512,1780,461.447,,,,
5.499,14.443,4.534,1781,461.234,,,,
5.524,14.352,4.554,1770,459.394,,,,
5.549,14.345,4.576,1769,458.424,,,,
5.574,14.259,4.596,1759,458.831,,,,
5.599,14.264,4.618,1759,458.727,,,,
5.624,14.142,4.637,1744,458.16,,,,
5.649,14.18,4.66,1749,457.127,,,,
5.674,14.049,4.679,1733,456.141,,,,
5.699,14.065,4.702,1735,457.166,,,,
5.724,13.951,4.72,1721,454.16,,,,
5.749,13.983,4.743,1725,454.728,,,,
5.774,13.85,4.762,1708,455.976,,,,
5.799,13.89,4.785,1713,454.625,,,,
5.824,13.751,4.803,1696,454.045,,,,
5.849,13.792,4.827,1701,453.33,,,,
5.874,13.671,4.846,1686,453.394,,,,
5.899,13.68,4.868,1687,453.361,,,,
5.924,13.61,4.888,1679,451.877,,,,
5.949,13.578,4.91,1675,450.732,,,,
5.974,13.49,4.929,1664,451.82,,,,
5.999,13.489,4.951,1664,451.099,,,,
6.024,13.403,4.97,1653,451.139,,,,
6.049,13.416,4.994,1655,450.301,,,,
6.074,13.285,5.012,1639,450.998,,,,
6.099,13.323,5.035,1643,448.531,,,,
6.124,13.194,5.053,1627,448.926,,,,
6.149,13.246,5.077,1634,449.997,,,,
6.174,13.105,5.096,1616,448.155,,,,
6.199,13.13,5.118,1619,449.024,,,,
6.224,13.029,5.138,1607,448.267,,,,
6.249,13.028,5.16,1607,448.275,,,,
6.274,12.945,5.179,1597,449.92,,,,
6.299,12.948,5.201,1597,448.792,,,,
6.324,12.844,5.221,1584,447.72,,,,
6.349,12.86,5.244,1586,448.14,,,,
6.374,12.755,5.263,1573,448.31,,,,
6.399,12.76,5.285,1574,444.56,,,,
6.424,12.663,5.305,1562,448.649,,,,
6.449,12.668,5.326,1562,448.198,,,,
6.474,12.563,5.346,1550,446.164,,,,
6.499,12.569,5.368,1550,448.671,,,,
6.524,12.491,5.388,1541,448.564,,,,
6.549,12.489,5.41,1540,448.519,,,,
6.574,12.396,5.43,1529,448.446,,,,
6.599,12.401,5.451,1530,447.218,,,,
6.624,12.327,5.471,1520,449.272,,,,
6.649,12.312,5.493,1519,446.972,,,,
6.674,12.235,5.512,1509,449.274,,,,
6.699,12.25,5.535,1511,450.185,,,,
6.724,12.163,5.555,1500,451.243,,,,
6.749,12.155,5.577,1499,450.36,,,,
6.774,12.07,5.596,1489,452.446,,,,
6.799,12.092,5.619,1492,451.403,,,,
6.824,11.981,5.637,1478,453.429,,,,
6.849,12.01,5.66,1481,451.694,,,,
6.874,11.904,5.679,1468,451.774,,,,
6.899,11.941,5.702,1473,453.29,,,,
6.924,11.821,5.721,1458,452.516,,,,
6.949,11.831,5.744,1459,453.273,,,,
6.974,11.758,5.763,1450,454.175,,,,
6.999,11.739,5.784,1448,455.722,,,,
7.024,11.694,5.805,1442,454.23,,,,
7.049,11.691,5.826,1442,456.598,,,,
7.074,11.612,5.846,1432,455.8,,,,
7.099,11.619,5.869,1433,456.989,,,,
7.124,11.514,5.887,1420,457.06,,,,
7.149,11.527,5.91,1422,457.859,,,,
7.174,11.453,5.93,1413,458.792,,,,
7.199,11.463,5.952,1414,459.863,,,,
7.224,11.355,5.971,1401,460.989,,,,
7.249,11.374,5.993,1403,458.758,,,,
7.274,11.28,6.013,1391,462.159,,,,
7.299,11.303,6.035,1394,462.509,,,,
7.324,11.221,6.055,1384,461.996,,,,
7.349,11.203,6.077,1382,463.15,,,,
7.374,11.134,6.096,1373,462.403,,,,
7.399,11.155,6.119,1376,462.728,,,,
7.424,11.07,6.138,1365,462.871,,,,
7.449,11.074,6.16,1366,464.96,,,,
7.474,10.978,6.179,1354,465.551,,,,
7.499,11.013,6.202,1358,465.053,,,,
7.524,10.919,6.222,1347,467.454,,,,
7.549,10.92,6.244,1347,465.741,,,,
7.574,10.854,6.263,1339,465.926,,,,
7.599,10.879,6.286,1342,465.122,,,,
7.624,10.753,6.303,1326,466.24,,,,
7.649,10.781,6.327,1330,467.277,,,,
7.674,10.689,6.346,1318,468.025,,,,
7.699,10.709,6.369,1321,468.993,,,,
7.724,10.632,6.388,1311,468.433,,,,
7.749,10.632,6.411,1311,470.411,,,,
7.774,10.54,6.43,1300,466.996,,,,
7.799,10.552,6.452,1301,469.966,,,,
7.824,10.471,6.471,1292,469.593,,,,
7.849,10.488,6.494,1294,470.375,,,,
7.874,10.395,6.513,1282,471.151,,,,
7.899,10.422,6.536,1286,470.849,,,,
7.924,10.33,6.555,1274,470.355,,,,
7.949,10.351,6.577,1277,470.728,,,,
7.974,10.255,6.596,1265,469.668,,,,
7.999,10.27,6.619,1267,471.076,,,,
8.024,10.179,6.638,1256,469.196,,,,
8.049,10.193,6.661,1257,469.643,,,,
8.074,10.11,6.679,1247,470.053,,,,
8.099,10.142,6.702,1251,470.296,,,,
8.124,10.052,6.721,1240,471.486,,,,
8.149,10.066,6.744,1242,471.185,,,,
8.174,9.986,6.763,1232,469.704,,,,
8.199,9.982,6.785,1231,468.956,,,,
8.224,9.924,6.805,1224,470.39,,,,
8.249,9.913,6.827,1223,469.348,,,,
8.274,9.841,6.847,1214,467.921,,,,
8.299,9.849,6.869,1215,469.317,,,,
8.324,9.78,6.888,1206,467.644,,,,
8.349,9.799,6.911,1209,469.116,,,,
8.374,9.705,6.93,1197,467.796,,,,
8.399,9.717,6.953,1199,467.044,,,,
8.424,9.628,6.971,1188,467.544,,,,
8.449,9.644,6.993,1190,466.378,,,,
8.474,9.57,7.014,1180,464.385,,,,
8.499,9.563,7.035,1180,466.469,,,,
8.524,9.508,7.055,1173,464.221,,,,
8.549,9.506,7.077,1173,465.15,,,,
8.574,9.425,7.097,1163,463.071,,,,
8.599,9.459,7.119,1167,463.352,,,,
8.624,9.362,7.138,1155,460.998,,,,
8.649,9.369,7.16,1156,462.416,,,,
8.674,9.313,7.18,1149,461.415,,,,
8.699,9.303,7.202,1147,460.455,,,,
8.724,9.249,7.222,1141,460.695,,,,
8.749,9.226,7.244,1138,460.157,,,,
8.774,9.168,7.264,1131,458.752,,,,
8.799,9.156,7.286,1129,458.867,,,,
8.824,9.092,7.305,1121,459.439,,,,
8.849,9.122,7.328,1125,458.564,,,,
8.874,9.012,7.346,1112,458.56,,,,
8.899,9.033,7.369,1114,456.723,,,,
8.924,8.965,7.389,1106,454.788,,,,
8.949,8.952,7.41,1104,455.037,,,,
8.974,8.903,7.43,1098,452.1,,,,
8.999,8.882,7.452,1096,455.825,,,,
9.024,8.83,7.472,1089,453.786,,,,
9.049,8.814,7.494,1087,455.298,,,,
9.074,8.767,7.514,1081,453.621,,,,
9.099,8.761,7.537,1081,453.993,,,,
9.124,8.679,7.555,1071,451.463,,,,
9.149,8.693,7.578,1072,451.291,,,,
9.174,8.614,7.597,1063,450.714,,,,
9.199,8.634,7.62,1065,448.526,,,,
9.224,8.546,7.639,1054,449.619,,,,
9.249,8.539,7.661,1053,450.373,,,,
9.274,8.469,7.68,1045,450.301,,,,
9.299,8.479,7.703,1046,449.345,,,,
9.324,8.406,7.722,1037,449.51,,,,
9.349,8.404,7.745,1037,449.167,,,,
9.374,8.326,7.764,1027,449.565,,,,
9.399,8.329,7.786,1027,450.05,,,,
9.424,8.258,7.805,1019,448.673,,,,
9.449,8.261,7.827,1019,448.651,,,,
9.474,8.198,7.848,1011,448.661,,,,
9.499,8.181,7.869,1009,448.381,,,,
9.524,8.13,7.89,1003,448.103,,,,
9.549,8.119,7.911,1001,447.313,,,,
9.574,8.055,7.93,994,448.01,,,,
9.599,8.06,7.953,994,448.218,,,,
9.624,7.984,7.972,985,447.582,,,,
9.649,7.996,7.994,986,448.088,,,,
9.674,7.916,8.014,976,447.75,,,,
9.699,7.899,8.036,974,447.671,,,,
9.724,7.84,8.055,967,448.048,,,,
9.749,7.832,8.078,966,449.055,,,,
9.774,7.772,8.097,959,447.981,,,,
9.799,7.757,8.12,957,449.763,,,,
9.824,7.686,8.138,948,449.335,,,,
9.848,7.691,8.161,949,449.592,,,,
9.873,7.609,8.18,939,449.341,,,,
9.898,7.601,8.202,938,450.656,,,,
9.923,7.535,8.222,929,449.748,,,,
9.948,7.523,8.244,928,449.552,,,,
9.973,7.466,8.264,921,448.537,,,,
9.998,7.45,8.286,919,449.876,,,,
10.023,7.39,8.305,912,451.052,,,,
10.048,7.377,8.327,910,452.659,,,,
10.073,7.315,8.347,902,452.06,,,,
10.098,7.313,8.369,902,452.689,,,,
10.123,7.251,8.389,894,452.415,,,,
10.148,7.241,8.411,893,451.569,,,,
10.173,7.183,8.431,886,453.483,,,,
10.198,7.156,8.452,883,453.666,,,,
10.223,7.131,8.473,880,454.382,,,,
10.248,7.11,8.494,877,454.613,,,,
10.273,7.058,8.514,871,456.163,,,,
10.298,7.038,8.536,868,454.628,,,,
10.323,6.981,8.555,861,456.019,,,,
10.348,6.989,8.579,862,457.438,,,,
10.373,6.904,8.597,852,455.095,,,,
10.398,6.906,8.619,852,457.767,,,,
10.423,6.855,8.639,846,458.58,,,,
10.448,6.841,8.661,844,460.416,,,,
10.473,6.777,8.68,836,458.43,,,,
10.498,6.774,8.703,836,460.602,,,,
10.523,6.723,8.722,829,458.939,,,,
10.548,6.704,8.745,827,461.771,,,,
10.573,6.647,8.764,820,462.435,,,,
10.598,6.634,8.786,818,460.777,,,,
10.623,6.586,8.805,812,463.08,,,,
10.648,6.584,8.828,812,465.031,,,,
10.673,6.512,8.847,803,462.298,,,,
10.698,6.516,8.87,804,462.558,,,,
10.723,6.45,8.889,796,464.639,,,,
10.748,6.452,8.911,796,465.678,,,,
10.773,6.384,8.931,787,465.669,,,,
10.798,6.373,8.953,786,467.715,,,,
10.823,6.311,8.972,778,466.052,,,,
10.848,6.321,8.995,780,467.54,,,,
10.873,6.247,9.014,771,466.095,,,,
10.898,6.244,9.036,770,465.444,,,,
10.923,6.187,9.056,763,466.777,,,,
10.948,6.173,9.078,761,468.005,,,,
10.973,6.11,9.097,754,466.682,,,,
10.998,6.096,9.12,752,469.639,,,,
11.023,6.057,9.139,747,466.87,,,,
11.048,6.038,9.162,745,469.317,,,,
11.073,5.974,9.18,737,468.351,,,,
11.098,5.965,9.203,736,469.908,,,,
11.123,5.903,9.223,728,470.758,,,,
11.148,5.887,9.245,726,468.36,,,,
11.173,5.835,9.264,720,468.936,,,,
11.198,5.803,9.286,716,470.209,,,,
11.223,5.758,9.306,710,469.957,,,,
11.248,5.733,9.328,707,471.431,,,,
11.273,5.691,9.348,702,469.867,,,,
11.298,5.675,9.37,700,470.546,,,,
11.323,5.613,9.389,692,468.423,,,,
11.348,5.6,9.412,691,470.841,,,,
11.373,5.553,9.431,685,469.906,,,,
11.398,5.529,9.453,682,470.375,,,,
11.423,5.482,9.472,676,469.766,,,,
11.448,5.487,9.495,677,470.277,,,,
11.473,5.419,9.514,668,469.952,,,,
11.498,5.415,9.536,668,470.548,,,,
11.523,5.376,9.556,663,467.255,,,,
11.548,5.348,9.578,660,468.123,,,,
11.573,5.314,9.598,655,469.258,,,,
11.598,5.288,9.619,652,468.865,,,,
11.623,5.242,9.639,647,467.705,,,,
11.648,5.23,9.662,645,468.48,,,,
11.673,5.174,9.681,638,467.056,,,,
11.698,5.162,9.704,637,467.933,,,,
11.723,5.112,9.722,631,464.813,,,,
11.748,5.108,9.745,630,466.206,,,,
11.773,5.049,9.764,623,466.882,,,,
11.798,5.044,9.787,622,465.749,,,,
11.823,4.987,9.805,615,463.226,,,,
11.848,5.003,9.829,617,463.661,,,,
11.873,4.931,9.847,608,462.633,,,,
11.898,4.928,9.87,608,462.938,,,,
11.923,4.879,9.889,602,459.181,,,,
11.948,4.87,9.912,601,462.259,,,,
11.973,4.828,9.93,595,461.554,,,,
11.998,4.824,9.954,595,461.166,,,,
12.023,4.769,9.973,588,461.193,,,,
12.048,4.754,9.995,586,459.06,,,,
12.073,4.719,10.014,582,457.973,,,,
12.098,4.697,10.036,579,458.392,,,,
12.123,4.67,10.056,576,457.71,,,,
12.148,4.649,10.079,573,457.465,,,,
12.173,4.613,10.098,569,456.65,,,,
12.198,4.599,10.12,567,458.162,,,,
12.223,4.57,10.14,564,452.5,,,,
12.248,4.55,10.162,561,456.471,,,,
12.273,4.515,10.181,557,454.045,,,,
12.298,4.501,10.203,555,454.786,,,,
12.323,4.461,10.223,550,452.808,,,,
12.348,4.44,10.245,548,455.299,,,,
12.373,4.415,10.264,545,451.411,,,,
12.398,4.394,10.287,542,453.548,,,,
12.423,4.368,10.306,539,450.574,,,,
12.448,4.347,10.328,536,451.898,,,,
12.473,4.32,10.348,533,449.242,,,,
12.498,4.305,10.371,531,450.746,,,,
12.523,4.269,10.389,527,449.731,,,,
12.548,4.27,10.412,527,449.653,,,,
12.573,4.222,10.431,521,448.459,,,,
12.598,4.203,10.453,518,451.868,,,,
12.623,4.181,10.473,516,448.474,,,,
12.648,4.157,10.495,513,449.407,,,,
12.673,4.137,10.515,510,448.828,,,,
12.698,4.113,10.537,507,449.359,,,,
12.723,4.08,10.556,503,449.412,,,,
12.748,4.078,10.579,503,447.288,,,,
12.773,4.037,10.598,498,447.959,,,,
12.798,4.024,10.62,496,447.658,,,,
12.823,3.989,10.639,492,446.596,,,,
12.848,3.981,10.662,491,447.363,,,,
12.873,3.949,10.681,487,443.289,,,,
12.898,3.925,10.704,484,448.148,,,,
12.923,3.906,10.723,482,447.442,,,,
12.948,3.887,10.745,479,447.325,,,,
12.973,3.86,10.765,476,447.265,,,,
12.998,3.84,10.787,474,448.104,,,,
13.023,3.831,10.807,473,448.691,,,,
13.048,3.809,10.829,470,448.727,,,,
13.073,3.789,10.848,467,447.939,,,,
13.098,3.775,10.87,466,447.707,,,,
13.123,3.747,10.889,462,449.501,,,,
13.148,3.747,10.912,462,449.884,,,,
13.173,3.711,10.931,458,449.287,,,,
13.198,3.708,10.954,457,450.799,,,,
13.223,3.681,10.973,454,448.082,,,,
13.248,3.667,10.995,452,451.844,,,,
13.273,3.654,11.015,451,449.313,,,,
13.298,3.63,11.037,448,451.953,,,,
13.323,3.623,11.056,447,450.726,,,,
13.348,3.591,11.079,443,453.926,,,,
13.373,3.567,11.097,440,452.237,,,,
13.398,3.558,11.12,439,451.807,,,,
13.423,3.541,11.14,437,453.046,,,,
13.448,3.519,11.162,434,454.205,,,,
13.473,3.494,11.181,431,454.045,,,,
13.498,3.479,11.204,429,456.963,,,,
13.523,3.467,11.223,428,455.529,,,,
13.548,3.448,11.245,425,457.432,,,,
13.573,3.432,11.264,423,456.862,,,,
13.598,3.428,11.288,423,459.321,,,,
13.623,3.394,11.306,419,457.415,,,,
13.648,3.393,11.329,419,458.838,,,,
13.673,3.368,11.348,415,458.348,,,,
13.698,3.352,11.37,413,460.794,,,,
13.723,3.342,11.389,412,460.706,,,,
13.748,3.324,11.412,410,462.776,,,,
13.773,3.304,11.431,408,460.201,,,,
13.798,3.29,11.454,406,463.407,,,,
13.823,3.278,11.473,404,461.399,,,,
13.848,3.265,11.496,403,464.833,,,,
13.873,3.234,11.514,399,464.058,,,,
13.898,3.235,11.537,399,465.024,,,,
13.923,3.204,11.556,395,463.303,,,,
13.948,3.199,11.579,395,464.82,,,,
13.973,3.177,11.598,392,462.548,,,,
13.998,3.166,11.621,391,466.72,,,,
14.023,3.141,11.639,387,464.256,,,,
14.048,3.138,11.662,387,467.906,,,,
14.073,3.114,11.681,384,466.986,,,,
14.098,3.098,11.703,382,468.946,,,,
14.123,3.087,11.723,381,466.478,,,,
14.148,3.069,11.745,379,467.41,,,,
14.173,3.06,11.765,377,466.066,,,,
14.198,3.041,11.787,375,470.471,,,,
14.223,3.031,11.806,374,467.363,,,,
14.248,3.015,11.829,372,470.758,,,,
14.273,2.999,11.848,370,468.071,,,,
14.298,2.983,11.87,368,471.996,,,,
14.323,2.969,11.889,366,469.016,,,,
14.348,2.954,11.912,364,471.014,,,,
14.373,2.946,11.931,363,469.623,,,,
14.398,2.933,11.954,362,470.988,,,,
14.423,2.912,11.973,359,468.195,,,,
14.448,2.902,11.995,358,471.497,,,,
14.473,2.888,12.014,356,469.779,,,,
14.498,2.879,12.037,355,470.381,,,,
14.523,2.854,12.056,352,470.171,,,,
14.548,2.838,12.079,350,471.544,,,,
14.573,2.827,12.098,349,469.809,,,,
14.598,2.819,12.121,348,469.945,,,,
14.623,2.808,12.14,346,468.581,,,,
14.648,2.789,12.162,344,471.931,,,,
14.673,2.784,12.181,343,468.409,,,,
14.698,2.775,12.204,342,471.228,,,,
14.723,2.76,12.223,340,469.17,,,,
14.748,2.751,12.246,339,471.579,,,,
14.773,2.74,12.264,338,469.544,,,,
14.798,2.729,12.287,337,468.64,,,,
14.823,2.719,12.306,335,467.462,,,,
14.848,2.699,12.329,333,468.288,,,,
14.873,2.698,12.348,333,466.244,,,,
14.898,2.676,12.371,330,468.608,,,,
14.923,2.672,12.39,330,464.789,,,,
14.948,2.64,12.412,326,466.305,,,,
14.973,2.656,12.432,328,463.427,,,,
14.998,2.622,12.454,323,466.44,,,,
15.023,2.631,12.473,325,462.369,,,,
15.048,2.612,12.496,322,464.089,,,,
15.073,2.603,12.515,321,462.224,,,,
15.098,2.595,12.538,320,465.35,,,,
15.123,2.579,12.556,318,462.08,,,,
15.148,2.571,12.579,317,460.987,,,,
15.173,2.558,12.598,315,459.628,,,,
15.198,2.547,12.62,314,461.007,,,,
15.223,2.543,12.64,314,460.428,,,,
15.248,2.522,12.663,311,460.266,,,,
15.273,2.517,12.681,310,460.016,,,,
15.298,2.51,12.704,310,459.551,,,,
15.323,2.496,12.723,308,455.385,,,,
15.348,2.48,12.745,306,457.216,,,,
15.373,2.477,12.764,306,454.191,,,,
15.398,2.456,12.787,303,457.125,,,,
15.423,2.453,12.806,303,454.03,,,,
15.448,2.431,12.829,300,455.402,,,,
15.473,2.437,12.848,301,455.541,,,,
15.498,2.408,12.871,297,455.788,,,,
15.523,2.414,12.89,298,453.809,,,,
15.548,2.394,12.912,295,454.249,,,,
15.573,2.389,12.931,295,451.51,,,,
15.598,2.373,12.954,293,452.536,,,,
15.623,2.368,12.973,292,451.837,,,,
15.648,2.357,12.995,291,453.383,,,,
15.673,2.35,13.015,290,450.121,,,,
15.698,2.327,13.037,287,451.409,,,,
15.723,2.321,13.056,286,449.93,,,,
15.748,2.292,13.079,283,450.9,,,,
15.773,2.289,13.099,282,449.75,,,,
15.798,2.261,13.12,279,450.415,,,,
15.823,2.259,13.14,279,448.659,,,,
15.848,2.223,13.161,274,450.2,,,,
15.873,2.232,13.182,275,447.779,,,,
15.898,2.205,13.204,272,448.652,,,,
15.923,2.207,13.223,272,447.104,,,,
15.948,2.174,13.246,268,450.581,,,,
15.973,2.178,13.265,269,446.561,,,,
15.998,2.154,13.287,266,449.821,,,,
16.023,2.156,13.307,266,445.506,,,,
16.048,2.127,13.329,262,447.513,,,,
16.073,2.135,13.349,263,444.636,,,,
16.098,2.102,13.37,259,448.253,,,,
16.123,2.109,13.39,260,447.69,,,,
16.148,2.084,13.412,257,448.135,,,,
16.173,2.087,13.432,257,446.747,,,,
16.198,2.057,13.454,254,448.044,,,,
16.223,2.067,13.473,255,446.331,,,,
16.248,2.032,13.496,251,447.401,,,,
16.273,2.038,13.515,251,446.795,,,,
16.298,2.005,13.537,247,449.467,,,,
16.323,2.018,13.557,249,447.606,,,,
16.348,1.982,13.579,245,449.911,,,,
16.373,1.983,13.598,245,447.002,,,,
16.397,1.949,13.62,240,451.044,,,,
16.422,1.961,13.64,242,449.733,,,,
16.447,1.93,13.662,238,450.124,,,,
16.472,1.937,13.682,239,448.653,,,,
16.497,1.909,13.704,236,449.2,,,,
16.522,1.919,13.723,237,451.927,,,,
16.547,1.889,13.746,233,451.21,,,,
16.572,1.904,13.765,235,452.059,,,,
16.597,1.875,13.788,231,452.722,,,,
16.622,1.886,13.806,233,452.595,,,,
16.647,1.859,13.829,229,455.254,,,,
16.672,1.877,13.848,231,453.32,,,,
16.697,1.843,13.87,227,453.793,,,,
16.722,1.861,13.89,230,455.31,,,,
16.747,1.827,13.913,225,456.863,,,,
16.772,1.837,13.931,227,454.172,,,,
16.797,1.812,13.955,224,459.212,,,,
16.822,1.805,13.973,223,455.364,,,,
16.847,1.797,13.996,222,461.777,,,,
16.872,1.797,14.015,222,456.049,,,,
16.897,1.768,14.037,218,459.878,,,,
16.922,1.785,14.056,220,458.072,,,,
16.947,1.751,14.079,216,459.887,,,,
16.972,1.766,14.098,218,459.141,,,,
16.997,1.738,14.121,214,462.978,,,,
17.022,1.749,14.14,216,460.195,,,,
17.047,1.722,14.162,212,462.71,,,,
17.072,1.728,14.181,213,461.963,,,,
17.097,1.697,14.204,209,462.297,,,,
17.122,1.709,14.223,211,461.48,,,,
17.147,1.674,14.245,207,464.655,,,,
17.172,1.689,14.265,208,463.735,,,,
17.197,1.662,14.288,205,467.026,,,,
17.222,1.676,14.306,207,465.12,,,,
17.247,1.642,14.329,203,464.286,,,,
17.272,1.665,14.348,205,465.917,,,,
17.297,1.631,14.371,201,466.52,,,,
17.322,1.644,14.389,203,464.657,,,,
17.347,1.621,14.413,200,468.951,,,,
17.372,1.633,14.432,201,467.569,,,,
17.397,1.596,14.454,197,468.977,,,,
17.422,1.619,14.473,200,465.887,,,,
17.447,1.587,14.496,196,468.466,,,,
17.472,1.612,14.515,199,463.863,,,,
17.497,1.57,14.537,194,469.816,,,,
17.522,1.598,14.557,197,467.54,,,,
17.547,1.559,14.579,192,469.972,,,,
17.572,1.58,14.598,195,468.009,,,,
17.597,1.545,14.62,191,468.672,,,,
17.622,1.567,14.64,193,468.174,,,,
17.647,1.532,14.662,189,470.754,,,,
17.672,1.558,14.682,192,468.947,,,,
17.697,1.518,14.704,187,471.042,,,,
17.722,1.545,14.724,191,469.69,,,,
17.747,1.505,14.746,186,470.265,,,,
17.772,1.534,14.765,189,467.128,,,,
17.797,1.505,14.788,186,470.216,,,,
17.822,1.514,14.806,187,468.74,,,,
17.847,1.49,14.829,184,471.612,,,,
17.872,1.509,14.848,186,469.253,,,,
17.897,1.477,14.871,182,469.186,,,,
17.922,1.501,14.89,185,469.395,,,,
17.947,1.465,14.912,181,469.213,,,,
17.972,1.493,14.932,184,467.555,,,,
17.997,1.448,14.954,179,471.184,,,,
18.022,1.482,14.973,183,466.508,,,,
18.047,1.44,14.996,178,468.771,,,,
18.072,1.46,15.014,180,466.862,,,,
18.097,1.426,15.038,176,468.691,,,,
18.122,1.449,15.056,179,465.661,,,,
18.147,1.415,15.079,175,468.296,,,,
18.172,1.439,15.098,178,465.337,,,,
18.197,1.401,15.121,173,466.809,,,,
18.222,1.43,15.14,176,464.725,,,,
18.247,1.387,15.163,171,465.951,,,,
18.272,1.418,15.181,175,463.461,,,,
18.297,1.376,15.204,170,465.616,,,,
18.322,1.398,15.223,172,460.739,,,,
18.347,1.357,15.246,167,463.981,,,,
18.372,1.386,15.265,171,461.042,,,,
18.397,1.344,15.288,166,462.452,,,,
18.422,1.381,15.306,170,460.811,,,,
18.447,1.337,15.329,165,461.575,,,,
18.472,1.37,15.348,169,456.718,,,,
18.497,1.325,15.371,163,459.536,,,,
18.522,1.357,15.389,167,458.733,,,,
18.547,1.319,15.412,163,459.469,,,,
18.572,1.35,15.432,166,457.021,,,,
18.597,1.306,15.454,161,457.91,,,,
18.622,1.342,15.473,166,456.317,,,,
18.647,1.296,15.496,160,458.241,,,,
18.672,1.328,15.515,164,454.654,,,,
18.697,1.281,15.537,158,457.057,,,,
18.722,1.321,15.557,163,454.771,,,,
18.747,1.277,15.579,157,456.27,,,,
18.772,1.318,15.598,163,452.616,,,,
18.797,1.276,15.621,157,453.576,,,,
18.822,1.315,15.639,162,451.441,,,,
18.847,1.274,15.662,157,452.406,,,,
18.872,1.313,15.682,162,450.393,,,,
18.897,1.267,15.704,156,453.728,,,,
18.922,1.308,15.723,161,449.524,,,,
18.947,1.267,15.746,156,451.037,,,,
18.972,1.302,15.765,161,449.353,,,,
18.997,1.26,15.787,155,450.91,,,,
19.022,1.295,15.806,160,449.081,,,,
19.047,1.252,15.829,154,450.579,,,,
19.072,1.29,15.848,159,448.337,,,,
19.097,1.24,15.87,153,448.692,,,,
19.122,1.283,15.89,158,448.359,,,,
19.147,1.234,15.913,152,448.859,,,,
19.172,1.27,15.932,157,447.402,,,,
19.197,1.219,15.954,150,447.998,,,,
19.222,1.245,15.972,154,446.618,,,,
19.247,1.21,15.996,149,449.455,,,,
19.272,1.236,16.015,152,445.494,,,,
19.297,1.187,16.037,146,449.192,,,,
19.322,1.23,16.057,152,443.814,,,,
19.347,1.174,16.079,145,448.375,,,,
19.372,1.221,16.099,151,445.671,,,,
19.397,1.165,16.12,144,449.38,,,,
19.422,1.21,16.14,149,445.195,,,,
19.447,1.156,16.163,143,448.026,,,,
19.472,1.193,16.181,147,446.354,,,,
19.497,1.148,16.204,142,448.755,,,,
19.522,1.181,16.223,146,446.529,,,,
19.547,1.131,16.246,140,450.149,,,,
19.572,1.168,16.265,144,447.213,,,,
19.597,1.119,16.287,138,449.551,,,,
19.622,1.167,16.306,144,447.218,,,,
19.647,1.112,16.329,137,449.383,,,,
19.672,1.158,16.348,143,445.233,,,,
19.697,1.11,16.371,137,449.32,,,,
19.722,1.15,16.39,142,448.507,,,,
19.747,1.103,16.412,136,451.1,,,,
19.772,1.149,16.432,142,447.423,,,,
19.797,1.097,16.454,135,452.054,,,,
19.822,1.143,16.473,141,450.118,,,,
19.847,1.099,16.496,136,454.875,,,,
19.872,1.137,16.515,140,450.608,,,,
19.897,1.087,16.537,134,453.156,,,,
19.922,1.13,16.557,139,453.599,,,,
19.947,1.076,16.579,133,454.639,,,,
19.972,1.12,16.598,138,454.813,,,,
19.997,1.067,16.621,132,456.174,,,,
20.022,1.116,16.64,138,455.899,,,,
20.047,1.058,16.662,131,455.776,,,,
20.072,1.106,16.682,136,456.797,,,,
20.097,1.048,16.704,129,459.394,,,,
20.122,1.101,16.723,136,458.202,,,,
20.147,1.044,16.746,129,458.488,,,,
20.172,1.088,16.765,134,458.639,,,,
20.197,1.035,16.787,128,460.923,,,,
20.222,1.082,16.806,133,459.508,,,,
20.247,1.029,16.829,127,459.499,,,,
20.272,1.076,16.848,133,460.005,,,,
20.297,1.018,16.87,126,462.404,,,,
20.322,1.071,16.89,132,460.812,,,,
20.347,1.011,16.912,125,462.773,,,,
20.372,1.063,16.931,131,462.214,,,,
20.397,1.004,16.954,124,464.985,,,,
20.422,1.052,16.973,130,462.897,,,,
20.447,1,16.996,123,465.077,,,,
20.472,1.049,17.015,129,464.546,,,,
20.497,0.991,17.037,122,465.57,,,,
20.522,1.043,17.057,129,462.847,,,,
20.547,0.982,17.078,121,465.958,,,,
20.572,1.037,17.098,128,465.986,,,,
20.597,0.971,17.121,120,467.563,,,,
20.622,1.027,17.14,127,464.538,,,,
20.647,0.963,17.162,119,468.675,,,,
20.672,1.022,17.182,126,466.647,,,,
20.697,0.959,17.204,118,467.739,,,,
20.722,1.015,17.224,125,465.634,,,,
20.747,0.954,17.245,118,468.897,,,,
20.772,1.008,17.265,124,467.925,,,,
20.797,0.949,17.288,117,469.488,,,,
20.822,0.994,17.306,123,467.78,,,,
20.847,0.939,17.33,116,470.794,,,,
20.872,0.979,17.348,121,467.572,,,,
20.897,0.922,17.371,114,469.455,,,,
20.922,0.972,17.39,120,467.44,,,,
20.947,0.906,17.412,112,470.327,,,,
20.972,0.963,17.432,119,468.645,,,,
20.997,0.9,17.454,111,469.331,,,,
21.022,0.955,17.473,118,469.152,,,,
21.047,0.888,17.495,110,470.015,,,,
21.072,0.947,17.515,117,469.62,,,,
21.097,0.884,17.537,109,469.363,,,,
21.122,0.94,17.557,116,467.726,,,,
21.147,0.875,17.579,108,470.788,,,,
21.172,0.933,17.598,115,467.752,,,,
21.197,0.868,17.621,107,469.833,,,,
21.222,0.923,17.64,114,466.181,,,,
21.247,0.855,17.662,105,470.329,,,,
21.272,0.919,17.682,113,467.229,,,,
21.297,0.85,17.704,105,467.468,,,,
21.322,0.914,17.723,113,463.235,,,,
21.347,0.843,17.745,104,469.312,,,,
21.372,0.903,17.765,111,466.011,,,,
21.397,0.837,17.787,103,466.557,,,,
21.422,0.901,17.807,111,465.668,,,,
21.447,0.827,17.829,102,466.321,,,,
21.472,0.896,17.848,111,465.732,,,,
21.497,0.827,17.871,102,465.898,,,,
21.522,0.888,17.89,110,464.098,,,,
21.547,0.82,17.912,101,465.327,,,,
21.572,0.884,17.932,109,461.599,,,,
21.597,0.811,17.954,100,463.297,,,,
21.622,0.878,17.973,108,461.461,,,,
21.647,0.806,17.996,99,463.153,,,,
21.672,0.869,18.014,107,458.045,,,,
21.697,0.801,18.038,99,461.755,,,,
21.722,0.86,18.056,106,458.957,,,,
21.747,0.795,18.079,98,459.942,,,,
21.772,0.856,18.098,106,457.555,,,,
21.797,0.789,18.121,97,458.692,,,,
21.822,0.851,18.14,105,454.678,,,,
21.847,0.78,18.162,96,457.762,,,,
21.872,0.846,18.182,104,454.181,,,,
21.897,0.77,18.203,95,457.543,,,,
21.922,0.839,18.223,103,455.527,,,,
21.947,0.767,18.246,95,455.427,,,,
21.972,0.828,18.264,102,454.503,,,,
21.997,0.764,18.288,94,455.218,,,,
22.022,0.822,18.306,101,452.795,,,,
22.047,0.76,18.33,94,453.529,,,,
22.072,0.816,18.348,101,451.224,,,,
22.097,0.748,18.371,92,451.768,,,,
22.122,0.815,18.389,101,451.338,,,,
22.147,0.742,18.413,92,454.146,,,,
22.172,0.807,18.431,100,450.615,,,,
22.197,0.734,18.454,91,450.583,,,,
22.222,0.804,18.473,99,449.027,,,,
22.247,0.729,18.496,90,450.254,,,,
22.272,0.795,18.515,98,447.798,,,,
22.276,0.775,18.521,96,449.746,,,,
